{
	"id": "77bbd1d3-bebd-4635-98b8-e51bb34c251c",
	"name": "develop-env",
	"values": [
		{
			"key": "HOST_URL",
			"value": "https://dev.reqres.in/api",
			"type": "default",
			"enabled": true
		},
		{
			"key": "HOST_PORT",
			"value": "8080",
			"type": "default",
			"enabled": true
		},
		{
			"key": "PAGE",
			"value": "2",
			"type": "default",
			"enabled": true
		},
		{
			"key": "SIZE",
			"value": "10",
			"type": "default",
			"enabled": true
		}
	],
	"_postman_variable_scope": "environment",
	"_postman_exported_at": "2024-01-12T06:45:16.087Z",
	"_postman_exported_using": "Postman/10.21.14"
}